match,rally,ball_round,roundscore_player,roundscore_opponent,player,server,ball_location_x,ball_location_y,ball_height,ball_velocity_x,ball_velocity_y,ball_velocity_z,playerA_location_x,playerA_location_y,playerA_velocity_x,playerA_velocity_y,playerA_ballround_distance,playerB_location_x,playerB_location_y,playerB_velocity_x,playerB_velocity_y,playerB_ballround_distance,time,ball_type,launching_height,landing_location_x,landing_location_y,player_defend_x,player_defend_y,landing_height,winner,lose_reason
1,1,1,0,0,B,1,-47.5,180.0,100.0,0.0,0.0,0.0,-27.5,180.0,0,0,0.0,42.5,-160.0,0.0,0.0,0.0,0.0,發短球,,166.9755841124184,382.69525222006,260.1770704080104,821.4738394092318,0.0,,
1,1,2,0,0,A,2,22.67812855534737,6.155890856467579,141.0876233089541,26.14037270348035,-196.0442176499555,-82.9980697017163,11.1105954413097,92.90859347427414,0,0,85.87987408684245,-71.67460554528907,-325.3487941727803,2.754850154035807,4.037466504799477,175.9598657437121,0.6166666666666667,長球,,260.1770704080104,980.4738394092318,177.5,315.0,0.0,,
1,1,3,0,0,B,3,75.82170614036309,467.161668064462,149.5410638849735,-18.12478358743874,-88.07349586049895,-245.0281811726995,74.42945569932488,329.3862606775798,0,0,0.0,0.0,-165.0,0.0,0.0,72.94255428704105,2.15,,,,,,,,A,出界
1,2,1,1,0,A,1,7.5,160.0,100.0,0.0,0.0,0.0,27.5,160.0,0,0,0.0,-42.5,-180.0,0.0,0.0,0.0,2.7,發短球,,122.8589402006949,599.3277691930115,96.67196903862538,356.5489752130754,0.0,,
1,2,2,0,1,B,2,-35.56324058466606,6.28481460141262,147.4366380465103,38.44484465389542,-227.7995602952387,-43.07080923695139,-54.6734169657569,119.5194970659288,0,0,121.0030668639205,-80.82803096137462,-123.4510247869246,0.0,0.0,64.65064945801662,3.216666666666667,放小球,,96.67196903862538,356.5489752130754,103.6573398242542,544.8903238392818,0.0,,
1,2,3,1,0,A,2,62.74942348848028,6.933819014436153,146.5292846023559,-33.00057185199989,-212.6897454263599,58.2519623975486,80.18164195751879,119.2850268977473,0,0,4.215845959820588,73.84266017574579,-64.89032383928179,0.0,0.0,57.89478778500447,4.016666666666667,放小球,,103.6573398242542,544.8903238392818,96.39390560975333,421.01458654084,0.0,,
1,2,4,0,1,B,2,-75.02983513456519,2.274113420822971,148.0636390104443,-2.386351598318015,-125.865436004915,-42.12157476558787,-73.90486080702213,61.60962137228125,0,0,3.281292061904058,-81.10609439024667,-58.98541345916004,0.0,0.0,60.30669940515274,5.216666666666667,放小球,,96.39390560975333,421.01458654084,139.7536211822361,618.9552261371105,0.0,,
1,2,5,1,0,A,2,77.35091442111191,2.223579411935987,147.9397713990948,-6.900881405584869,-104.31102858945,47.85947090624632,80.9676669591387,56.89299846528036,0,0,2.096988950923604,37.74637881776394,-138.9552261371105,0.0,0.0,85.38019908740313,6.033333333333333,殺球,,139.7536211822361,618.9552261371105,227.0978486537933,365.8121528625488,0.0,,
1,2,6,0,1,B,2,-45.111134047609,112.4585374491026,147.4779192198691,-17.65818768660665,-63.5300817634743,-175.1603028901627,-37.1901065255534,140.9565653931304,0,0,2.07720910857998,49.59784865379333,-114.1878471374512,0.0,0.0,142.5834967716734,6.95,放小球,,227.0978486537933,365.8121528625488,194.0763539969921,583.7879180908203,0.0,,
1,2,7,1,0,A,2,-8.67310437429316,5.115896729217866,149.5764167820054,78.66813938932182,-209.665021718024,-3.23392210162865,-47.77748970446402,109.3362566255983,0,0,5.181856539803547,-16.57635399699211,-103.7879180908203,0.0,0.0,65.36314419767461,7.683333333333334,挑球,,194.0763539969921,583.7879180908203,-0.6030974388122559,266.2808380126953,0.0,,
1,2,8,0,1,B,2,18.44044424944113,88.12709673944755,147.6286967300123,4.779081719732403,-40.15060158053529,-220.0590505694322,16.65649369211297,103.1146387542688,0,0,1.31474859086831,-178.1030974388123,-213.7191619873047,0.0,0.0,248.8329370882045,9.633333333333333,殺球,,-0.6030974388122559,266.2808380126953,287.0343017578125,556.2916965484619,0.0,,
1,2,9,1,0,A,2,140.2002459718625,155.3580797304196,149.4520151954668,-89.45029126778081,-137.7314794143558,-168.9654106274929,178.1030974388123,213.7191619873047,0,0,0.0,-109.5343017578125,-76.29169654846191,0.0,0.0,96.67345788614858,10.53333333333333,挑球,,287.0343017578125,556.2916965484619,142.5062186717987,224.8409576416016,0.0,,
1,2,10,0,1,B,2,87.1924077049946,54.46841842594006,147.7781852393333,-57.27926542817841,-55.94965839236465,-220.442198948092,108.5737908818462,75.35348173389139,0,0,2.603567779744434,-34.99378132820129,-255.1590423583984,0.0,0.0,148.9883889530231,12.21666666666667,長球,,142.5062186717987,224.8409576416016,111.5232570171356,594.3294372558594,0.0,,
1,2,11,1,0,A,2,26.94897306965973,234.8689862109316,149.830321677086,-21.26953169096168,-53.64453426011551,-245.7928509480212,35.51990925105719,256.4860056311603,0,0,1.427460023421867,65.97674298286438,-114.3294372558594,0.0,0.0,178.8491374910871,13.75,切球,,111.5232570171356,594.3294372558594,90.0875883102417,287.462833404541,0.0,,
1,2,12,0,1,B,2,-59.72577725560171,57.74992671479833,149.8404024136876,15.06566083989469,-136.3641641125923,-184.3780060650602,-66.66004409328522,120.514216387052,0,0,6.222410570601833,-87.4124116897583,-192.537166595459,0.0,0.0,82.35463449839754,14.75,放小球,,90.0875883102417,287.462833404541,158.0870224833488,517.0641250610352,0.0,,
1,2,13,1,0,A,2,74.23436386478441,38.78811345759158,147.4674235972203,-24.21725780166639,-282.5441602612955,48.72729816270294,86.92663076106702,186.8695321468136,0,0,5.688414836679226,19.41297751665115,-37.06412506103516,0.0,0.0,95.89683541398729,15.38333333333333,推球,,158.0870224833488,517.0641250610352,223.8750022649765,198.4703369140625,0.0,,
1,2,14,0,1,B,2,-29.25790060567257,7.48903105093882,147.69972529663,-23.36801654649889,-70.19976488777502,-168.795281946359,-20.00861708075254,35.27476663282391,0,0,2.97065159818483,46.3750022649765,-281.5296630859375,0.0,0.0,163.4927085738749,17.06666666666667,長球,,223.8750022649765,198.4703369140625,34.33689856529236,737.4057159423828,0.0,,
1,2,15,1,0,A,2,-41.45859153560292,262.5707658473224,149.8808005116309,12.9984132553318,-50.12510035101059,-245.9262396516237,-46.69653339961081,282.7695667628469,0,0,1.280915062973572,143.1631014347076,-257.4057159423828,0.0,0.0,253.9865855860386,18.6,切球,,34.33689856529236,737.4057159423828,128.1986418962479,218.0140991210938,0.0,,
1,2,16,0,1,B,2,-113.2903310241466,173.2347805119192,149.8482263649947,71.99735332278578,-202.8631591372232,-184.3968031772647,-143.1631014347076,257.4057159423828,0,0,0.0,-49.30135810375214,-261.9859008789062,0.0,0.0,98.22197279970877,19.6,放小球,,128.1986418962479,218.0140991210938,166.2778021842241,757.4009017944336,0.0,,
1,2,17,1,0,A,2,75.3839750646998,106.1694445182956,142.8746469017057,55.27426710926875,-330.2061461778294,-75.37019880345497,50.92422759332079,252.2909468265981,0,0,9.829844325142638,11.22219781577587,-277.4009017944336,0.0,0.0,133.4474035155359,20.5,挑球,,166.2778021842241,757.4009017944336,163.6121125221252,205.2216873168945,0.0,,
1,2,18,0,1,B,2,-15.11519571065185,237.5656085263759,147.6306159256471,-9.980721329725384,-102.1282240390065,-220.0643305459948,-11.38956086647062,275.6883511106953,0,0,3.336588816237483,-13.88788747787476,-274.7783126831055,0.0,0.0,43.32865232512331,22.28333333333333,殺球,,163.6121125221252,205.2216873168945,210.9894915819168,434.1383247375488,0.0,,
1,2,19,1,0,A,3,14.09294985408363,175.6101500178338,149.452395984633,0.4839447814219966,-234.0356905142471,-168.9662294347727,13.87020474615866,283.3296815280759,0,0,8.551387127345569,-33.28799980735121,44.41802434089936,0.8429728429022991,-6.039742933048936,323.2091830881657,23.18333333333333,殺球,,210.9894915819168,434.1383247375488,104.0767587423325,419.7910842895508,0.0,B,落地得分
1,3,1,1,1,B,1,22.5,180.0,100.0,0.0,0.0,0.0,42.5,180.0,0,0,0.0,-27.5,-160.0,0.0,0.0,230.9316788506622,24.75,發短球,,225.6803834860261,342.6157617357427,107.6919186162313,761.0280664229207,0.0,,
1,3,2,1,1,A,2,-37.43436016868199,4.573977591900643,148.0940791044743,21.44769669371271,-265.0723997714977,-35.84403082442122,-47.66061048543241,130.9603560837782,0,0,81.58691016964777,68.70653040394976,-280.037153176198,-3.834707944963796,3.449557006075741,149.5804947848565,25.25,推球,,107.6919186162313,761.0280664229207,132.6625347327465,269.1590962287346,0.0,,
1,3,3,1,1,B,2,-52.45142237260862,223.8224666674132,147.5699715222244,41.19794610517147,-135.7838057504068,-168.4871545100464,-67.17335852840354,272.3443156484313,0,0,9.074651069767306,-44.83746526725355,-210.8409037712654,0.0,0.0,122.2161851671154,26.76666666666667,殺球,,132.6625347327465,269.1590962287346,206.6929206813313,706.1889768517177,0.0,,
1,3,4,1,1,A,2,46.43729608703825,126.5522714490542,149.6045767877622,3.775582027003566,-198.9201866507528,-169.3254151820156,44.69951016969029,218.1092013635382,0,0,7.269606694916996,-29.19292068133126,-226.1889768517177,0.0,0.0,106.8493100968274,27.66666666666667,擋小球,,206.6929206813313,706.1889768517177,233.9437788686069,265.4591184289995,0.0,,
1,3,5,1,1,B,2,9.88619005519331,128.6275809959428,148.9786664655485,-43.07637345789317,-217.6749240641129,-127.7429869696789,28.68087081692306,223.6014699098748,0,0,5.457925687538287,56.44377886860693,-214.5408815710005,0.0,0.0,101.2062143528071,28.55,擋小球,,233.9437788686069,265.4591184289995,266.2228064537048,526.3988761901855,0.0,,
1,3,6,1,1,A,2,-46.12006118917728,118.0451423715295,149.5273026489283,23.03382815028954,-215.2970802745813,-128.9664114679567,-56.16996585976494,211.981552702168,0,0,10.2446688066166,-88.72280645370483,-46.39887619018555,0.0,0.0,187.0983518259767,29.45,擋小球,,266.2228064537048,526.3988761901855,104.5306634902954,349.0666656494141,0.0,,
1,3,7,1,1,B,2,80.08052950698169,3.089249053101526,140.3528779105062,-20.42934687835896,-102.3789681141807,-148.6015471030555,88.45569620565652,45.06028853339296,0,0,5.433037454594145,-72.96933650970459,-130.9333343505859,0.0,0.0,152.4656456859674,30.41666666666667,殺球,,104.5306634902954,349.0666656494141,295.4604423046112,518.0769386291504,0.0,,
1,3,8,1,1,A,2,43.37737367602966,104.7517898683708,148.2753736328497,-69.83669791679858,-61.78814914278519,-166.1886268649937,75.11760210125644,132.8340163520118,0,0,2.868385804313931,-117.9604423046112,-38.07693862915039,0.0,0.0,30.31991454883845,31.31666666666667,擋小球,,295.4604423046112,518.0769386291504,128.5250980854034,309.8482780456543,0.0,,
1,3,9,1,1,B,2,77.48581187995737,2.246723607849617,145.1259350118157,-92.849877426886,-82.1954651098622,-139.0673663198072,116.8028893118209,37.0522134569851,0,0,6.153326287718853,-48.97490191459656,-170.1517219543457,0.0,0.0,45.56371280385371,32.21666666666667,推球,,128.5250980854034,309.8482780456543,116.418247461319,587.2293510437012,0.0,,
1,3,10,1,1,A,2,26.41600564860431,141.0365233809516,147.9408988561042,-53.54603756501319,-69.10814687614675,-169.3676823890655,47.61003733254023,168.3901861565031,0,0,3.510201230977798,61.08175253868103,-107.2293510437012,0.0,0.0,191.2270285449893,33.55,擋小球,,116.418247461319,587.2293510437012,249.0987660884857,597.4497604370117,0.0,,
1,3,11,1,1,B,3,-53.8431628251752,41.2659398797415,149.4113655028047,16.1504366543852,-147.17478620355,-128.7082557598751,-60.88977043656951,105.4798673957916,0,0,3.641765456249868,50.72032942722871,67.38725625154348,-2.234781062722022,-5.358578236546512,255.4601013379395,34.41666666666666,放小球,,249.0987660884857,597.4497604370117,281.7438473701477,816.7484970092773,0.0,A,落地得分
1,4,1,2,1,A,1,-62.5,160.0,100.0,0.0,0.0,0.0,-42.5,160.0,0,0,0.0,27.5,-180.0,0.0,0.0,284.1729944474549,36.18333333333333,發長球,,236.8995661069115,734.731000849947,243.7060447564477,251.2835270800374,0.0,,
1,4,2,1,2,B,2,59.54332611342099,235.5008758294468,149.8381894130597,0.3876259410162675,-51.85096667901234,-258.521586934819,59.41808294273523,252.2540875795551,0,0,114.5152479231835,66.20604475644765,-228.7164729199626,0.0,0.0,72.69064732518667,37.93333333333333,殺球,,243.7060447564477,251.2835270800374,256.8236960718831,743.1797564432411,0.0,,
1,4,3,2,1,A,2,-64.91941160280209,138.9928259309827,149.7562097148506,3.036437449566165,-211.7466358390629,-169.682866758194,-66.31699168481722,236.453381460939,0,0,7.737703987123554,-79.32369607188309,-263.1797564432411,0.0,0.0,22.70690807147074,38.83333333333334,擋小球,,256.8236960718831,743.1797564432411,258.6103039367084,309.6061340101493,0.0,,
1,4,4,1,2,B,2,75.72701724810074,152.4688114525693,149.005406659509,-8.024754357052188,-247.0134759687426,-127.802126861809,79.27809943087681,261.7762262806848,0,0,7.612623054808083,81.11030393670842,-170.3938659898507,0.0,0.0,67.69565474723541,39.71666666666667,殺球,,258.6103039367084,309.6061340101493,261.5958683625418,471.4398053098415,0.0,,
1,4,5,2,1,A,3,-80.13661653787682,109.7726327767076,147.1387538964948,2.334575165150454,-145.3493448798326,-174.3478830448453,-81.18384938325767,174.9727643841151,0,0,4.579488993076108,-84.09586836254181,8.56019469015854,0.0,0.0,270.3793472157297,40.63333333333333,挑球,,261.5958683625418,471.4398053098415,244.0437366962433,432.2570533752441,0.0,B,落地得分
1,5,1,2,2,B,1,-47.5,180.0,100.0,0.0,0.0,0.0,-27.5,180.0,0,0,0.0,42.5,-160.0,0.0,0.0,128.0693539710745,42.88333333333333,發短球,,153.9120023459601,297.2058828439489,108.6239916931972,761.0352975019479,0.0,,
1,5,2,2,2,A,2,33.93090030016947,25.87107156394802,148.6296108049711,20.451986281671,-310.2985772528655,-28.44313931262832,24.28942100948967,172.1520862917457,0,0,73.51850857923594,68.87600830680283,-281.0352975019479,0.0,0.0,109.179235226813,43.36666666666667,推球,,108.6239916931972,761.0352975019479,118.5350843875994,271.3674436389558,0.0,,
1,5,3,2,2,B,2,-62.48375337849772,217.8305982161946,147.5700864589525,15.17271460485858,-150.0232507476085,-168.4870612646705,-67.90566774171896,271.4408610614794,0,0,9.64337966806442,-58.96491561240057,-208.6325563610442,0.0,0.0,50.33105028144634,44.9,切球,,118.5350843875994,271.3674436389558,308.9837746182502,599.2663288380808,0.0,,
1,5,4,2,2,A,3,59.57401250516337,139.3091321930182,149.6808591365782,1.468004953295576,-167.0787214203528,-183.9935931258196,58.89833434050247,216.21040121345,0,0,7.578137348511198,-131.4837746182502,-119.2663288380808,0.0,0.0,250.8251143367234,45.9,切球,,308.9837746182502,980.2663288380809,177.5,315.0,0.0,B,出界
1,6,1,3,2,B,1,22.5,180.0,100.0,0.0,0.0,0.0,42.5,180.0,0,0,0.0,-27.5,-160.0,0.0,0.0,78.04818371062933,47.53333333333333,發短球,,208.7660090160896,324.8146822207667,148.4850710917057,656.6694893638572,0.0,,
1,6,2,2,3,A,2,-27.34788825525894,5.368388557970945,149.0405012786097,7.678240532698055,-293.5923848821176,-20.86361635235789,-31.16459065572374,151.3073905166108,0,0,60.93184092727935,29.01492890829425,-176.6694893638572,0.0,0.0,71.59243925063494,48.0,平球,,148.4850710917057,656.6694893638572,137.8480907500923,283.2261401565481,0.0,,
1,6,3,3,2,B,2,-17.04876220218557,132.7702690811243,147.6890734843783,28.15698700942448,-103.2970545702483,-162.7682959335175,-29.50867940827652,178.4808682703842,0,0,6.887143875042527,-39.6519092499077,-196.7738598434519,0.0,0.0,84.15566821036383,48.93333333333333,平球,,137.8480907500923,283.2261401565481,205.6995553276146,633.8242306058462,0.0,,
1,6,4,2,3,A,2,35.01051147062296,127.3300568463094,147.7267725228998,-10.92144145303564,-163.404746755873,-162.8570679051222,39.84342403442872,199.6392714284437,0,0,10.53467077934716,-28.19955532761458,-153.8242306058462,0.0,0.0,62.75500089437512,49.78333333333333,平球,,205.6995553276146,633.8242306058462,181.690634310036,344.3727353632667,0.0,,
1,6,5,3,2,B,2,14.91019823815503,94.31752664461351,147.7344178439145,-31.27051635658518,-140.0222258325812,-162.874913454516,28.74790199049932,156.279601645751,0,0,9.228974512770048,4.190634310036017,-135.6272646367333,0.0,0.0,77.69514339896453,50.63333333333333,平球,,181.690634310036,344.3727353632667,251.3482605218887,765.2203063964844,0.0,,
1,6,6,2,3,A,2,-6.545911408272843,86.93708496684712,147.7360049074471,-5.542082736269549,-114.570385104571,-162.8785112833953,-4.093451135469252,137.6363132680336,0,0,7.378484239429195,-73.84826052188873,-285.2203063964844,0.0,0.0,136.6006869721946,51.48333333333333,挑球,,251.3482605218887,765.2203063964844,112.9855136871338,302.0573692321777,0.0,,
1,6,7,3,2,B,2,68.19990606327025,252.3021667412837,147.7590627979802,-14.48103663847178,-84.39427622874973,-220.3935606451068,73.60543266798177,283.8051258752114,0,0,2.784245289465751,-64.51448631286621,-177.9426307678223,0.0,0.0,79.5716552002562,53.16666666666666,長球,,112.9855136871338,302.0573692321777,245.9581532478333,644.7398262023926,0.0,,
1,6,8,2,3,A,2,55.82785854651745,149.7412823826389,149.8292731204873,-22.96641250211451,-74.56101695083817,-245.7896586633979,65.08258303830709,179.7869706085029,0,0,1.92985059975602,-68.45815324783325,-164.7398262023926,0.0,0.0,119.1765080525817,54.7,長球,,245.9581532478333,644.7398262023926,193.6027608513832,337.2677955627441,0.0,,
1,6,9,3,2,B,2,60.31307117765544,144.112609406972,149.9372169480352,-21.53462862963806,-54.53590885053927,-246.0750087456631,68.99083288653841,166.0888240756378,0,0,1.450359562147014,16.10276085138321,-142.7322044372559,0.0,0.0,89.24189463751351,56.23333333333333,長球,,193.6027608513832,337.2677955627441,198.2052344679832,752.3285140991211,0.0,,
1,6,10,2,3,A,2,-19.0144656654071,123.9321873414374,149.9439471553075,-7.698201872017307,-49.70501340153533,-246.0928460195078,-15.91233826945904,143.9617067475044,0,0,1.244161038858346,-20.70523446798325,-272.3285140991211,0.0,0.0,116.697775261243,57.76666666666667,殺球,,198.2052344679832,752.3285140991211,218.6947041749954,380.5136566162109,0.0,,
1,6,11,3,2,B,2,20.35458167491149,195.7222124291918,149.8160049735637,-0.827536370877624,-180.7899498101051,-169.8242818824269,20.73547157238124,278.9343441022062,0,0,6.605899205417989,41.19470417499542,-99.48634338378906,0.0,0.0,51.15912403585424,58.66666666666666,長球,,218.6947041749954,380.5136566162109,130.2251160144806,627.5498046875,0.0,,
1,6,12,2,3,A,2,-39.89323753673372,80.8524045101093,145.8943888055272,3.512942914198902,-50.2970737841224,-248.5643000591153,-41.28369380232272,100.7604653837378,0,0,1.277225909745467,47.27488398551941,-147.5498046875,0.0,0.0,147.9435894533003,60.21666666666667,殺球,,130.2251160144806,627.5498046875,197.2057168483734,435.6397838592529,0.0,,
1,6,13,3,2,B,2,-30.44687180805101,103.3256404682811,149.026755255635,39.71392921926054,-104.3685557783647,-167.9620646686431,-48.49653942809209,150.7603259506101,0,0,3.43509662182149,19.70571684837341,-44.36021614074707,0.0,0.0,60.38706156203209,61.11666666666667,擋小球,,197.2057168483734,435.6397838592529,201.7995150089264,571.2342071533203,0.0,,
1,6,14,2,3,A,2,-5.437763513986084,2.781447743181275,148.8775938265811,31.83404774659948,-92.76877120271365,-127.5171156723331,-19.32729776955912,43.25745116342421,0,0,2.412440950727064,-24.29951500892639,-91.23420715332031,0.0,0.0,94.03522935935494,62.0,放小球,,201.7995150089264,571.2342071533203,138.7380795478821,241.7537002563476,0.0,,
1,6,15,3,2,B,2,16.89516798228581,3.518242212665768,129.8586626239504,-12.82830368637633,-151.971137001965,155.8624226279903,24.09670843033265,88.83164894343929,0,0,2.411102747745852,4.012237680348704,-94.66571631404315,1.392278189928216,4.673478650056267,53.64103644908874,62.53333333333333,挑球,,138.7380795478821,241.7537002563476,161.454768538475,638.8787002563477,0.0,,
1,6,16,2,3,A,2,33.6741396073831,212.3287735396635,147.8769274686556,-13.0438575666858,-66.44636052499209,-220.6956510511304,38.54319151739605,237.1320786185245,0,0,2.201791533959334,16.04523146152496,-158.8787002563477,0.0,0.0,80.73391317107587,64.73333333333333,殺球,,161.454768538475,638.8787002563477,120.8758776187897,336.7337226867676,0.0,,
1,6,17,3,2,B,2,-19.48772713230821,87.05257236975808,149.4979577063914,-8.124247398484385,-169.5087774783133,-169.0736132090365,-15.74838241221653,165.0723225053448,0,0,6.200731885942776,-56.62412238121033,-143.2662773132324,0.0,0.0,95.59136318510451,65.63333333333333,擋小球,,120.8758776187897,336.7337226867676,217.2738746404648,650.7493591308594,0.0,,
1,6,18,2,3,A,2,46.79774298246195,78.18940276349576,148.9599558212771,-21.92421272866341,-145.1968404080617,-127.7013811343863,56.36351062051388,141.540331451709,0,0,3.611841280845317,-39.77387464046478,-170.7493591308594,0.0,0.0,55.81173508386426,66.51666666666667,挑球,,217.2738746404648,650.7493591308594,75.09626340866087,280.1370697021484,0.0,,
1,6,19,3,2,B,2,32.1546197483176,146.9782800828245,147.7118202366595,-19.53395862045681,-60.94339683613725,-220.2725188516297,39.44631685903755,169.7274216808955,0,0,2.080920575839703,-102.4037365913391,-199.8629302978516,0.0,0.0,74.30496580722397,68.25,擋小球,,75.09626340866087,280.1370697021484,33.40173816680908,619.0993728637695,0.0,,
1,6,20,2,3,A,2,67.28126359735849,109.0377404291774,148.7936512001089,-78.36373651812778,-202.6452194667172,-127.3295978538158,101.4721968845415,197.4540090708469,0,0,5.344196367594892,144.0982618331909,-139.0993728637695,0.0,0.0,186.0824810175634,69.1,挑球,,33.40173816680908,619.0993728637695,239.1432917118073,235.0226745605469,0.0,,
1,6,21,3,2,B,2,-139.5542296802915,114.092369171693,147.7065847541843,11.64981735392701,-64.11200796605954,-220.2590362665546,-144.0982618331909,139.0993728637695,0,0,0.0,61.64329171180725,-244.9773254394531,0.0,0.0,169.8974049792882,70.83333333333333,切球,,239.1432917118073,235.0226745605469,226.7909379005432,644.5069618225098,0.0,,
1,6,22,2,3,A,2,-29.09513222957315,186.7745210614223,149.5654096236047,78.44531484522577,-140.2763593068812,-183.7144609910979,-62.31262915503945,246.1742384720502,0,0,9.448379009381508,-49.29093790054321,-164.5069618225098,0.0,0.0,195.0510911283259,71.83333333333333,推球,,226.7909379005432,644.5069618225098,334.8536403179169,254.6515579223633,0.0,,
1,6,23,3,2,B,2,49.00102705599457,106.4189085002465,147.5645134064479,-0.6881352544496622,-137.8783791960814,-168.4740620532921,49.24692968564921,155.6892456816738,0,0,8.81782596014111,157.3536403179169,-225.3484420776367,0.0,0.0,97.29597935333067,73.15,長球,,334.8536403179169,254.6515579223633,164.3850492238998,820.0035858154297,0.0,,
1,6,24,2,3,A,2,-150.2750396078649,203.523666824718,149.872486637991,18.71497568401992,-57.70210171419876,-245.9037646804063,-157.3536403179169,225.3484420776367,0,0,0.0,13.11495077610016,-340.0035858154297,0.0,0.0,194.5784677544446,74.68333333333334,平球,,164.3850492238998,820.0035858154297,248.6173442602158,204.7038192749023,0.0,,
1,6,25,3,2,B,2,21.20348997970888,225.856824603931,147.8974830385399,80.75299575239114,-268.5929989888791,-163.2586356490151,-13.11495077610016,340.0035858154297,0,0,0.0,71.11734426021576,-275.2961807250977,0.0,0.0,99.65678779564661,75.53333333333333,切球,,248.6173442602158,204.7038192749023,236.946749329567,768.3709335327148,0.0,,
1,6,26,2,3,A,2,-61.26278620928156,186.1532243053481,149.7671448549645,23.3728791329213,-211.4278017512561,-173.1693865284001,-71.15998073597581,275.681864332716,0,0,2.447380840976611,-59.44674932956696,-288.3709335327148,0.0,0.0,89.05689812682964,76.61666666666666,推球,,236.946749329567,768.3709335327148,-35.52877283096316,69.99429321289062,0.0,,
1,6,27,3,2,B,2,60.54543188742707,209.1301140633956,147.9666524533661,2.60784506139089,-188.0868848195405,-169.4289131404503,59.61352794251229,276.342278062398,0,0,12.02981161653498,-213.0287728309632,-410.0057067871094,0.0,0.0,314.3344433969065,77.93333333333334,推球,,-35.52877283096316,69.99429321289062,144.4842813014984,557.0435562133789,0.0,,
1,6,28,2,3,A,2,171.7335334127002,309.710391697715,147.8261484075354,-98.01882868316625,-238.062048942993,-169.0953552702013,213.0287728309632,410.0057067871094,0,0,0.0,33.01571869850159,-77.0435562133789,0.0,0.0,219.7729689109505,79.25,殺球,,144.4842813014984,557.0435562133789,303.7448527812958,391.6105117797852,0.0,,
1,6,29,3,2,B,2,-59.03684661168641,4.602591719691247,146.7940904543017,-62.3898888029828,-173.6890012847425,-173.5211555603655,-30.68113419837573,83.54287297802375,0,0,6.905896263007488,113.5542331079682,-100.4196279142182,-6.047833443313537,-5.733075534683175,449.9999999999997,80.16666666666667,平球,,303.7448527812958,391.6105117797852,147.4497403502464,666.2673187255859,0.0,,
1,6,30,2,3,A,2,-87.61700555684689,68.29445598615354,147.5019715391779,90.89327593358121,-47.28462601462979,-162.3282265117609,-128.3894875930745,89.50517311517075,0,0,13.01980026006686,30.05025964975357,-186.2673187255859,0.0,0.0,102.7263829638718,81.01666666666667,推球,,147.4497403502464,666.2673187255859,130.4053553342819,328.4583854675293,0.0,,
1,6,31,3,2,B,2,-9.044991144390082,146.0895201364381,148.0061464229575,49.85833722685129,-95.36646630294854,-169.5226532029892,-28.7793959098793,183.8364758462444,0,0,4.320778801352627,-47.09464466571808,-151.5416145324707,0.0,0.0,186.1268404565649,82.33333333333333,長球,,130.4053553342819,328.4583854675293,225.0575182437897,558.214973449707,0.0,,
1,6,32,2,3,A,2,44.66228155431168,131.9929103908499,149.9002961253988,-6.430875510261558,-51.68442249726013,-245.9770539184092,47.25371724681185,152.8200679057617,0,0,1.288311730030779,-47.55751824378967,-78.21497344970703,0.0,0.0,130.3197077613609,83.86666666666666,長球,,225.0575182437897,558.214973449707,161.1210494041443,340.3350524902344,0.0,,
1,6,33,3,2,B,2,41.52531614204014,64.42519116517974,149.9415290675699,-15.94843398891044,-36.45856501179878,-246.0867675421241,47.95202134168369,79.11681853691857,0,0,0.9843562645585022,-16.37895059585571,-139.6649475097656,0.0,0.0,33.56051859528011,85.4,切球,,161.1210494041443,340.3350524902344,294.8530039787292,478.3661003112793,0.0,,
1,6,34,2,3,A,3,6.978126307130651,106.5832627891258,149.8577345937974,-22.65722645830692,-79.73122348857942,-184.419372195066,17.27565704277092,142.8204750521102,0,0,3.280462851860183,-117.3530039787292,1.633899688720703,0.0,0.0,106.4761705028126,86.4,放小球,,294.8530039787292,478.3661003112793,134.3360407352448,589.8373336791992,0.0,B,落地得分
1,7,1,4,2,B,1,-47.5,180.0,100.0,0.0,0.0,0.0,-27.5,180.0,0,0,0.0,42.5,-160.0,0.0,0.0,253.9806538003319,88.1,發短球,,149.4054491412251,326.4583937917768,172.8477718182141,543.7433482881981,0.0,,
1,7,2,2,4,A,2,36.48818963433678,9.271420099261377,148.6297008861592,16.59751932862719,-285.2788005878892,-28.44300353842755,28.66378389319823,143.7576069188171,0,0,76.37247863244016,4.652228181785887,-63.74334828819815,0.0,0.0,118.4805036463656,88.58333333333333,放小球,,172.8477718182141,543.7433482881981,157.5042570686143,363.5652749682341,0.0,,
1,7,3,4,2,B,2,-13.62327426169941,3.154140511337971,145.140224362316,-18.59334194563189,-125.5768667766688,-62.25493144853544,-5.172746986598241,60.22783607974429,0,0,3.553838194677888,-19.99574293138568,-116.4347250317659,0.0,0.0,28.66487063863031,89.66666666666667,放小球,,157.5042570686143,363.5652749682341,142.7254147469235,742.2846589516005,0.0,,
1,7,4,2,4,A,2,11.54285002420801,6.355023809980253,136.18933795335,-14.79857929041373,-192.7178310046429,129.9960889201657,19.7503771375404,113.2393937323949,0,0,3.20473813056999,14.36111719044541,-122.9459981765295,-0.706797707988255,4.824474007445064,63.38764866913469,90.3,挑球,,142.7254147469235,742.2846589516005,142.8203543754578,287.9038539696454,0.0,,
1,7,5,4,2,B,3,-33.44377205123345,232.6233589731809,147.6378160565667,3.411888205846481,-76.04451130418965,-220.082686669798,-34.71737234174091,261.0094917655429,0,0,2.475131309655382,-34.67964562454225,-192.0961460303546,0.0,0.0,80.25752575639686,92.48333333333333,發長球,,142.8203543754578,287.9038539696454,336.6361019611359,711.7534637451172,0.0,A,落地得分
1,8,1,3,4,A,1,7.5,160.0,100.0,0.0,0.0,0.0,27.5,160.0,0,0,0.0,-42.5,-180.0,0.0,0.0,0.0,93.06666666666666,發短球,,125.4371721058832,599.349677929029,104.7359550774593,208.2913406855759,0.0,,
1,8,2,4,3,B,2,-34.02841093452417,6.297863056097071,147.4366145101896,36.3422262023505,-227.817435844031,-43.07084148024387,-52.09341702458437,119.5414311042211,0,0,118.8903188375091,-72.76404492254072,-271.7086593144241,0.0,0.0,120.5307360326647,93.58333333333333,挑球,,104.7359550774593,208.2913406855759,230.6781344939359,581.985170546367,0.0,,
1,8,3,3,4,A,2,70.5956619439565,242.4520659609857,147.8204728832508,-5.559221115589708,-75.00698591798027,-220.5513755939137,72.67082537261622,270.4509080353985,0,0,2.445579384200515,-53.17813449393594,-101.985170546367,0.0,0.0,106.7254507785829,95.43333333333334,切球,,230.6781344939359,581.985170546367,241.8000196765895,340.5848066493265,0.0,,
1,8,4,4,3,B,2,33.15927524366589,46.11827990311224,149.5827985070231,-48.24811367939219,-134.6466378015521,-183.7570583438719,53.58983340974117,103.1341040604946,0,0,8.40845208709614,64.30001967658953,-139.4151933506735,0.0,0.0,189.5557198198726,96.43333333333334,放小球,,241.8000196765895,340.5848066493265,247.0489955897928,730.6313092400865,0.0,,
1,8,5,3,4,A,2,-52.05970149368184,5.982134009400681,142.8635326569617,21.92343889618087,-238.9898268580737,87.99344412238952,-63.90020011399716,135.0567161751629,0,0,4.376777235829803,-63.0731082213795,-190.780091668484,0.5578396948022607,5.155646329881696,88.1575387867242,97.0,殺球,,247.0489955897928,730.6313092400865,164.0228391587734,436.0217361450195,0.0,,
1,8,6,4,3,B,2,66.6254394191005,199.5669346579069,147.3817995017607,-7.009700889284431,-122.4351341409147,-174.9302056018109,69.85179217826393,255.9201142135971,0,0,39.56566162101126,-13.47716084122658,-43.97826385498047,0.0,0.0,119.5095831531295,97.98333333333333,殺球,,164.0228391587734,436.0217361450195,109.6681365966797,612.0742797851562,0.0,,
1,8,7,3,4,A,2,-0.2362638106895076,1.999017055067043,140.785692790268,-34.00541344831254,-104.0966556439571,-181.1733143341598,14.60066043873826,47.41749716691299,0,0,3.618090258619218,67.83186340332031,-132.0742797851562,0.0,0.0,185.1879578147154,98.93333333333334,殺球,,109.6681365966797,612.0742797851562,211.1306155920029,339.7338256835938,0.0,,
1,8,8,4,3,B,2,-54.80791628407204,105.8774818348535,148.2554998002544,30.73635147899267,-61.82411384543229,-166.141351976421,-68.77734562425285,133.9760539923601,0,0,2.123836567461201,33.63061559200287,-140.2661743164062,0.0,0.0,104.6285469456802,99.83333333333333,放小球,,211.1306155920029,339.7338256835938,319.7215530872345,589.8494415283203,0.0,,
1,8,9,3,4,A,2,15.53574287124943,6.391921902570232,148.2183949212761,91.63315929470173,-249.506391775185,31.56965541222689,-31.70287567882281,135.0171636556272,0,0,5.591805977485223,-42.67239575303537,-121.2323632155482,4.84564092944732,-0.5540735120353509,112.175962254306,100.5166666666667,推球,,319.7215530872345,589.8494415283203,203.915852189064,277.7593193054199,0.0,,
1,8,10,4,3,B,2,124.0385854506113,76.78976319133494,147.6795152258649,-43.15927698087307,-78.47078885788505,-168.7471071213054,142.2215530872345,109.8494415283203,0,0,0.0,26.41585218906403,-202.2406806945801,0.0,0.0,67.43110454729089,102.1666666666667,擋小球,,203.915852189064,277.7593193054199,182.5129693746567,879.0229187011719,0.0,,
1,8,11,3,4,A,2,-52.85267508823037,128.0783031411686,149.3635243611219,-58.98473295786744,-165.4679933437819,-128.6015971189158,-27.11700755709433,200.2737518648264,0,0,4.320841109050972,-28.96924837356778,-348.5339455568283,-2.573916016219697,5.424647818829671,264.1900395289172,103.0333333333333,挑球,,182.5129693746567,879.0229187011719,23.31943106651306,208.9529876708984,0.0,,
1,8,12,4,3,B,2,7.612142333800023,351.9075093203023,147.7245375334861,6.663664121617785,-120.7927552331967,-220.3053595508209,5.012969374656677,399.0229187011719,0,0,0.0,-154.1805689334869,-271.0470123291016,0.0,0.0,194.6218529305031,104.7666666666667,殺球,,23.31943106651306,208.9529876708984,168.9276964068413,528.473014831543,0.0,,
1,8,13,3,4,A,2,122.9880088050899,150.4801505759402,149.4695249395941,-73.614142492886,-284.5366364431356,-169.0073112180812,154.1805689334869,271.0470123291016,0,0,0.0,8.572303593158722,-48.47301483154297,-0.2596437074444706,-6.699760608464943,350.8130481390536,105.6666666666667,切球,,168.9276964068413,528.473014831543,190.1613161861897,305.5232925415039,0.0,,
1,8,14,4,3,B,2,-29.31889105541774,9.2011425601886,149.3740097306077,-49.20644679543784,-93.14444108042608,-172.2373904499364,-8.482528828150777,48.64295232661277,0,0,1.211986437353076,12.66131618618965,-174.4767074584961,0.0,0.0,192.774579270943,106.7666666666667,挑球,,190.1613161861897,305.5232925415039,202.8142354488373,728.4710388183594,0.0,,
1,8,15,3,4,A,2,-10.19535124995778,157.4952807046868,147.7059141750726,6.322148039146214,-43.53634241795135,-220.2573818806286,-12.55530242454435,173.7466626383835,0,0,1.430461732347835,-25.31423544883728,-248.4710388183594,0.0,0.0,202.6659454041217,108.45,殺球,,202.8142354488373,728.4710388183594,219.6160278320312,438.8973731994629,0.0,,
1,8,16,4,3,B,2,22.4175237640672,170.0118963960226,149.4663006807086,-6.836205552360752,-185.1626545703766,-168.9990698557153,25.56402188068341,255.2366514730194,0,0,6.770222142177516,42.11602783203125,-41.10262680053711,0.0,0.0,135.8980379916081,109.35,殺球,,219.6160278320312,438.8973731994629,143.6540719270706,645.982494354248,0.0,,
1,8,17,3,4,A,2,-38.6277318673788,2.959452283076359,144.1613812796336,8.50275949034085,-92.97440423893022,-178.2213894389884,-42.39033896869896,44.10211355969523,0,0,3.012003887458446,33.84592807292938,-165.982494354248,0.0,0.0,107.2186864146028,110.2833333333333,擋小球,,143.6540719270706,645.982494354248,276.8336369991302,249.423324584961,0.0,,
1,8,18,4,3,B,2,-14.98457959810477,119.9945860414641,149.0425445644586,42.08263919622368,-102.6062667529004,-127.8852258010943,-33.3456835122476,164.7627935984242,0,0,2.72781864114571,99.33363699913025,-230.576675415039,0.0,0.0,194.9751302338959,111.1333333333333,推球,,276.8336369991302,249.423324584961,294.9977056980133,644.6175003051758,0.0,,
1,8,19,3,4,A,2,-80.35073520478585,173.4242768990415,147.90669273252,45.05801686946143,-135.6575387876546,-169.2864605641375,-96.45205360469214,221.901004840529,0,0,9.141705682011448,-117.4977056980133,-164.6175003051758,0.0,0.0,150.8434591839478,112.5,殺球,,294.9977056980133,644.6175003051758,190.8336505889893,407.3138942718506,0.0,,
1,8,20,4,3,B,2,110.4743277451176,98.96992125542852,149.6670354602677,-16.57508727191725,-154.9274948911261,-169.4727091228287,118.007574188053,169.3832458238337,0,0,4.792942334906961,13.33365058898926,-72.68610572814941,0.0,0.0,170.8032641286412,113.4,擋小球,,190.8336505889893,407.3138942718506,172.8892360366881,723.2600173950195,0.0,,
1,8,21,3,4,A,2,-38.87504253963488,23.19218015239039,148.9897449080622,-56.98685831760031,-110.4287240809754,-127.7672917865402,-14.01106900356166,71.373409197777,0,0,3.056567039449154,4.610763963311911,-243.2600173950195,0.0,0.0,143.1538830377421,114.2833333333333,放小球,,172.8892360366881,723.2600173950195,98.15714073181152,521.8230133056641,0.0,,
1,8,22,4,3,B,3,9.630420589686139,91.12092743284074,148.0720825671687,26.54181793474208,-283.5472015328833,31.8425089790253,-4.052386187750216,237.2948474112362,0,0,5.991246838152374,-62.13029228731068,20.95189368159805,3.310493969168367,-4.014143603451073,119.6723378688469,115.0166666666667,挑球,,98.15714073181152,521.8230133056641,43.57699728012085,670.2114334106445,0.0,A,落地得分
1,9,1,4,4,A,1,-62.5,160.0,100.0,0.0,0.0,0.0,-42.5,160.0,0,0,0.0,27.5,-180.0,0.0,0.0,138.1420461423182,117.6,發短球,,212.7380086347632,591.8403373691868,104.541141033193,183.0188000285762,0.0,,
1,9,2,4,4,B,2,45.90463870557841,5.479056632367019,146.6599985723118,21.70981233547309,-216.4773156300726,-50.12777490037479,35.55341179102018,108.6953249870934,0,0,97.30697173544746,-56.32151723399284,-277.2425410647848,3.187790878515898,3.782017453702738,153.3346200430813,118.1333333333333,挑球,,104.541141033193,183.0188000285762,115.465589979421,744.8167261947365,0.0,,
1,9,3,4,4,A,2,63.772665783658,266.1847794055612,147.8205599230249,-23.55121695785556,-78.95470602647947,-220.5513288294014,72.5639376391374,295.6572387771772,0,0,2.679043253308693,62.03441002057902,-264.8167261947365,0.0,0.0,184.1121258390385,119.9666666666667,長球,,115.465589979421,744.8167261947365,109.9058691241493,271.2811843655316,0.0,,
1,9,4,4,4,B,2,-62.17332546463579,230.0382078968273,149.8329163075462,-0.3672762697704002,-91.95035551101682,-245.7998707399156,-62.02532495788047,267.0912394531047,0,0,2.274531402477642,-67.59413087585065,-208.7188156344684,0.0,0.0,87.08035598115731,121.5,殺球,,109.9058691241493,271.2811843655316,113.732455832972,574.2396224644018,0.0,,
1,9,5,4,4,A,2,66.5471581890299,123.7796952730271,149.7955162515445,-2.470842929227501,-200.455300891349,-169.7759262239629,67.68441226420275,216.043191721989,0,0,7.324932477540443,63.76754416702798,-94.2396224644018,0.0,0.0,172.8603969201221,122.4,平球,,113.732455832972,574.2396224644018,263.3573155403137,269.3368225097656,0.0,,
1,9,6,4,4,B,2,-64.35880732263598,47.84085647881295,148.1443896189596,-1.391270562294267,-109.1785216669905,-163.8391145897344,-63.74314784130333,96.15409894999038,0,0,7.023576294810737,85.85731554031372,-210.6631774902344,0.0,0.0,153.6359552003701,123.25,推球,,263.3573155403137,269.3368225097656,-88.85343360900879,471.8409996032715,0.0,,
1,9,7,4,4,A,3,-63.18350918575973,167.525596868716,147.4830065341926,53.81880999209443,-102.3918621638131,-168.2810872313212,-84.48550679434038,208.0532711758125,0,0,4.644427690701091,266.3534336090088,8.159000396728516,0.0,0.0,227.8862667959394,124.5833333333333,殺球,,-88.85343360900879,471.8409996032715,197.1705311536789,412.9588012695312,0.0,B,出界
1,10,1,5,4,B,1,22.5,180.0,100.0,0.0,0.0,0.0,42.5,180.0,0,0,0.0,-27.5,-160.0,0.0,0.0,155.1946701489138,126.15,發短球,,148.8340347309695,328.6706118542721,115.3535780736486,766.4349583978725,0.0,,
1,10,2,4,5,A,2,6.534623879250915,8.016078937854104,148.6296897111682,-43.76235287622876,-283.3866912521898,-28.44302038170099,27.40049033342609,143.1347018161932,0,0,16.90469247810805,59.11345870406679,-283.3501580918146,-3.629052096573804,3.691077074707702,144.9363659245199,126.6333333333333,推球,,115.3535780736486,766.4349583978725,102.8689320693567,190.6471584985612,0.0,,
1,10,3,5,4,B,2,-56.09910706716725,226.5694483675969,147.5699334997007,14.3539717241481,-142.0974198015301,-168.4871773468899,-61.22844664065803,277.347444360174,0,0,9.13376100029505,-74.6310679306433,-289.3528415014388,0.0,0.0,153.6569940913227,128.1666666666667,長球,,102.8689320693567,190.6471584985612,100.4143427199238,774.2708702161094,0.0,,
1,10,4,4,5,A,2,73.43570861896828,255.4915644756697,149.8727468881009,-3.160388492915445,-89.52520737409486,-245.9046783781105,74.70924338568338,291.5673394468462,0,0,2.215877377470227,77.08565728007623,-294.2708702161094,0.0,0.0,23.19166815828957,129.7,長球,,100.4143427199238,774.2708702161094,89.74786294745232,373.5444653126514,0.0,,
1,10,5,5,4,B,3,-76.85058493563068,258.2551960695289,149.9398166505796,0.6215036478351976,-95.2212090771809,-246.0822128000473,-77.10103088709161,296.6262762594245,0,0,2.355456214128738,-87.75213705254768,-106.4555346873486,0.0,0.0,185.5707340517985,131.2333333333333,發長球,,89.74786294745232,373.5444653126514,15.96596789360046,703.7129364013672,0.0,A,落地得分
1,11,1,5,5,A,1,7.5,160.0,100.0,0.0,0.0,0.0,27.5,160.0,0,0,0.0,-42.5,-180.0,0.0,0.0,0.0,131.7833333333333,發短球,,129.3910723465908,612.4235804311098,255.6021686823735,202.3310625442062,0.0,,
1,11,2,5,5,B,2,-30.54392905121253,5.938591086886902,148.6297244629473,34.73289542142766,-250.1104615356553,-28.44296800191159,-47.97483656974293,131.4579948553412,0,0,107.7239882105288,67.7225165422451,-266.1032409011783,-3.400804162223038,3.789401460756364,142.5665647561573,132.2666666666667,挑球,,255.6021686823735,202.3310625442062,257.0621899670497,772.8373471568434,0.0,,
1,11,3,5,5,A,2,-68.14251120450177,246.9828544892649,147.8205431858058,25.53419866728746,-78.67183590747118,-220.5513627853861,-77.67399666873291,276.3497232193894,0,0,2.689427581630664,-79.56218996704968,-292.8373471568434,0.0,0.0,205.6914886112167,134.15,長球,,257.0621899670497,772.8373471568434,135.9600580549129,343.9307335305041,0.0,,
1,11,4,5,5,B,2,78.84355085164759,257.482913838209,149.8331962885299,-1.899995871212923,-93.47289326228747,-245.799815799046,79.60918798894073,295.1494790676227,0,0,2.312609518899695,-41.53994194508709,-136.0692664694959,0.0,0.0,184.0939154501814,135.6833333333333,切球,,135.9600580549129,343.9307335305041,242.0502123509953,736.1598574985975,0.0,,
1,11,5,5,5,A,2,22.07875335524568,72.21535254478079,149.8409368842144,-46.90404180394125,-153.8963889214529,-184.3790400184275,43.66726149247933,143.0491936534117,0,0,7.296908382971761,-64.55021235099531,-256.1598574985975,0.0,0.0,41.7966905072641,136.6833333333333,殺球,,242.0502123509953,736.1598574985975,135.4852674007416,218.2525939941406,0.0,,
1,11,6,5,5,B,2,47.68832983187315,192.3192510797966,149.9921801550282,-39.79384928925356,-150.6630987057633,-170.2402196477237,65.77432049341962,260.7944412140241,0,0,4.793517180489416,-42.01473259925842,-261.7474060058594,0.0,0.0,118.7097151349024,137.5833333333333,殺球,,135.4852674007416,218.2525939941406,195.4863722026348,550.6285991668701,0.0,,
1,11,7,5,5,A,2,25.26000166390349,177.0919264089847,147.1921547143622,-40.17220723852688,-202.9753556399783,-174.4758026003979,43.51795302944265,269.3426247502282,0,0,7.74254605646842,-17.98637220263481,-70.62859916687012,0.0,0.0,196.0783911688026,138.5,放小球,,195.4863722026348,550.6285991668701,110.9968156814575,436.7367973327637,0.0,,
1,11,8,5,5,B,2,6.337344740858441,5.30172612636386,125.3269595444673,-28.37513827785187,-159.1256490604565,-131.887856618107,16.9293050196666,64.70064562022105,0,0,6.021463632750547,-66.50318431854248,-43.26320266723633,0.4966304691894021,-4.884785715268834,227.2448590107002,139.5666666666667,挑球,,110.9968156814575,436.7367973327637,315.1566307544708,657.369010925293,0.0,,
1,11,9,5,5,A,2,60.0471946198229,36.66975088292429,147.6273093024739,-16.55162802265409,-16.90404824216785,-220.0560448733313,66.225638046231,42.97974683012984,0,0,0.7692548322089052,-137.6566307544708,-177.369010925293,0.0,0.0,165.1340295626389,141.1833333333333,長球,,315.1566307544708,657.369010925293,223.0525885820389,379.6378517150879,0.0,,
1,11,10,5,5,B,2,124.7216244444388,163.3663645355736,149.8208882071202,-34.19864184024846,-37.02135717730926,-245.7678855930112,137.6566307544708,177.369010925293,0,0,0.0,45.55258858203888,-100.3621482849121,0.0,0.0,125.6467745104449,142.7166666666667,長球,,223.0525885820389,379.6378517150879,301.4548647403717,755.8553771972656,0.0,,
1,11,11,5,5,A,2,-50.76198995279537,83.0913071626785,149.9367032235712,-13.77303724041212,-45.6620484811765,-246.0736203025249,-45.21189957339828,101.4916419294897,0,0,1.179756285742789,-123.9548647403717,-275.8553771972656,0.0,0.0,99.43491707324016,144.25,切球,,301.4548647403717,755.8553771972656,202.2236079573631,387.9843940734863,0.0,,
1,11,12,5,5,B,2,112.0889256115062,217.7216323829239,149.8568016473988,-28.59850097365779,-140.1101033502528,-184.4176641267836,125.2519483967369,282.210064294771,0,0,6.485713077126549,24.72360795736313,-92.01560592651367,0.0,0.0,22.57355425433473,145.25,放小球,,202.2236079573631,387.9843940734863,154.4507478475571,678.3547286987305,0.0,,
1,11,13,5,5,A,2,-48.17366631338294,6.627726753748789,131.6212942725916,-54.47233751993963,-198.3482217315213,-116.4583483557635,-26.61299628446679,85.13584214359133,0,0,7.134489327163184,23.04925215244293,-198.3547286987305,0.0,0.0,170.3671429362275,146.2666666666667,放小球,,154.4507478475571,678.3547286987305,108.7231765985489,340.4789619445801,0.0,,
1,11,14,5,5,B,2,12.2594518236875,49.71748980974678,144.7758505798798,63.63005251813547,-267.8601662364599,76.89761463439027,-21.86086477160421,193.3520353362726,0,0,5.141906790842899,-62.88637548930713,-136.1626800590934,4.972187320765224,2.834824328638993,103.0236659003897,146.8333333333333,平球,,108.7231765985489,340.4789619445801,323.0006701946259,453.2281799316406,0.0,,
1,11,15,5,5,A,3,53.2216296488665,93.81315220444208,148.7635590951258,-36.60212781156247,-107.5528795411174,-165.2962566734573,69.41865676479404,141.4070220279534,0,0,7.308109141097471,-138.5228602804281,17.59418901410231,3.207674501040649,-4.21892448700754,264.9929222248122,147.7833333333333,推球,,323.0006701946259,453.2281799316406,25.93644714355469,321.1256408691406,0.0,B,出界
1,12,1,6,5,B,1,-47.5,180.0,100.0,0.0,0.0,0.0,-27.5,180.0,0,0,0.0,42.5,-160.0,0.0,0.0,83.98149688696155,149.7666666666667,發短球,,231.5273411953493,197.0438902253039,208.8695822713317,757.7792644962948,0.0,,
1,12,2,5,6,A,2,-22.99237173490135,141.4392675209403,138.1185975719482,68.43826726139923,-312.0727244311183,-95.08886773346603,-54.0970244561419,283.2738595645864,0,0,123.8804294240767,-31.36958227133167,-277.7792644962948,0.0,0.0,114.133309258241,150.4166666666667,長球,,208.8695822713317,757.7792644962948,310.4989629252209,220.3364220701773,0.0,,
1,12,3,6,5,B,2,31.36514435676693,247.9136009222868,148.4194119489594,-0.01173332464077248,-78.96130502103915,-242.0624497369772,31.36933721763091,276.1301359973386,0,0,4.425074637059799,132.9989629252209,-259.6635779298227,0.0,0.0,82.3587353779257,152.0666666666667,殺球,,310.4989629252209,220.3364220701773,177.5,645.0,0.0,,
1,12,4,5,6,A,3,-113.3913561762605,161.4886404680438,149.5347079006321,46.27371284072979,-231.691655306463,-169.1603781409867,-132.9989629252209,259.6635779298227,0,0,0.0,0.0,-165.0,0.0,0.0,115.4726913354869,152.9666666666667,,,,,,,,B,出界
1,13,1,7,5,B,1,22.5,180.0,100.0,0.0,0.0,0.0,42.5,180.0,0,0,0.0,-27.5,-160.0,0.0,0.0,0.0,153.6333333333333,發短球,,137.4585161323263,328.5598636408627,135.3927053952904,650.4068083404948,0.0,,
1,13,2,5,7,A,2,12.98977067462488,8.07891505484531,148.6297190541811,-53.49185421607672,-283.4814008082276,-28.44297615411051,38.77563528634781,144.7317405799074,0,0,19.48622457835875,42.10729460470964,-170.4068083404948,0.0,0.0,85.14941941401692,154.1166666666667,平球,,135.3927053952904,650.4068083404948,108.4539698641101,245.1124490433923,0.0,,
1,13,3,7,5,B,2,-36.88406795288518,128.3188295477345,147.6890790812195,12.29051221770305,-99.03510838171314,-162.7682766809357,-42.24654940117176,171.5289026532585,0,0,7.038685665827072,-69.04603013588991,-234.8875509566077,0.0,0.0,95.1018766850933,155.0333333333333,推球,,108.4539698641101,245.1124490433923,136.6367411649906,661.1575652584335,0.0,,
1,13,4,5,7,A,2,64.63416625349481,176.2846966679213,147.4537321546498,-10.47204805146862,-139.1003717310468,-168.2113862705137,68.37631452567115,225.9917084359173,0,0,8.921016374354135,40.86325883500945,-181.1575652584335,0.0,0.0,9.72751953761749,156.3666666666667,殺球,,136.6367411649906,661.1575652584335,230.8657667223429,286.4668949051677,0.0,,
1,13,5,7,5,B,2,-45.4825220001388,111.7562400494228,149.5829762716214,-10.90140941158779,-163.786351363342,-169.2745885333125,-40.52791739828476,186.1958450173947,0,0,5.049427374340913,53.36576672234287,-193.5331050948323,0.0,0.0,125.9948224231932,157.2666666666667,平球,,230.8657667223429,286.4668949051677,196.0599554777145,692.3878631591797,0.0,,
1,13,6,5,7,A,2,-32.68039304305063,128.965257580044,148.1015971587178,48.67366918801963,-151.9312195580369,-163.7383198757902,-54.21927033809271,196.1972528240186,0,0,10.26238401099777,-18.55995547771454,-212.3878631591797,0.0,0.0,64.63279767540479,158.1166666666667,放小球,,196.0599554777145,692.3878631591797,273.4191241264343,449.6814384460449,0.0,,
1,13,7,7,5,B,2,29.21443731594144,57.29748959228311,148.6342052356513,21.01868485340219,-305.9553467994647,-26.28318606610947,19.08233458953708,204.7839296384121,0,0,7.621855740219724,90.73818164711116,-50.92793736562481,-1.217297043633943,-4.842310515279777,149.7892015365131,158.9166666666667,推球,,273.4191241264343,449.6814384460449,220.5566720962524,640.4604911804199,0.0,,
1,13,8,5,7,A,2,-85.13049451495272,1.688477975175374,144.8405984526314,26.02286919454855,-69.05760479583023,-172.8653469027108,-95.23982697797197,28.51589199946352,0,0,3.03447095044785,-43.05667209625244,-160.4604911804199,0.0,0.0,50.3918252857078,160.4666666666667,長球,,220.5566720962524,640.4604911804199,239.1571724414825,329.7310829162598,0.0,,
1,13,9,7,5,B,2,45.83361288320285,149.7920058603979,149.689366330228,7.341913701850444,-28.20625449430736,-245.4208173273287,42.87505814385614,161.1582178997494,0,0,0.7209758682308772,61.65717244148254,-150.2689170837402,0.0,0.0,126.2996191715937,162.0,殺球,,239.1571724414825,329.7310829162598,134.4781618118286,476.8107452392578,0.0,,
1,13,10,5,7,A,3,-58.58109185434861,92.29021809173076,149.7690108160021,7.259513609199075,-136.8290402183447,-169.7134194617433,-61.88048353641361,154.4779377474828,0,0,4.214940425786756,43.02183818817139,3.189254760742188,0.0,0.0,185.4410110233593,162.9,擋小球,,134.4781618118286,476.8107452392578,102.8357384204865,346.6518478393555,0.0,B,落地得分
1,14,1,8,5,B,1,-47.5,180.0,100.0,0.0,0.0,0.0,-27.5,180.0,0,0,0.0,42.5,-160.0,0.0,0.0,138.1699506322531,164.5,發短球,,200.8756338158601,331.3894994975759,146.7898643572968,644.2996023152917,0.0,,
1,14,2,5,8,A,2,7.280930733318996,6.473231629968382,148.6296507540671,60.62007584205276,-281.0612391101586,-28.4430790998158,-22.55564843572677,144.8086889112874,0,0,27.6222276150373,30.71013564270325,-164.2996023152917,0.0,0.0,16.02521320614943,164.9833333333333,平球,,146.7898643572968,644.2996023152917,238.8758824998372,207.1727442102544,0.0,,
1,14,3,8,5,B,2,-24.79981125363292,123.8684300806782,147.6892280156162,13.9072775226623,-95.13649265613822,-162.7681360446331,-30.86770463279242,165.3774956013033,0,0,6.781412738900997,61.37588249983719,-272.8272557897456,0.0,0.0,133.7750501341957,165.9,推球,,238.8758824998372,207.1727442102544,228.967606259146,744.33470097144,0.0,,
1,14,4,5,8,A,2,-47.82556361113785,209.3019244900469,147.4538727592495,32.16316936544672,-150.7843473177672,-168.2114043148886,-59.31895516894917,263.1841624258661,0,0,9.860030409134175,-51.46760625914595,-264.33470097144,0.0,0.0,128.7308506704574,167.2333333333333,長球,,228.967606259146,744.33470097144,237.6509071255984,265.496295290464,0.0,,
1,14,5,8,5,B,2,51.26426175872285,233.2268563183613,149.8654628517479,-0.5376187786509945,-82.24545741086331,-245.8854141710276,51.48090480985806,266.3691265339841,0,0,2.034469026793865,60.15090712559842,-214.503704709536,0.0,0.0,48.68756625186336,168.7666666666667,擋小球,,237.6509071255984,265.496295290464,177.2879150956869,568.8642616271973,0.0,,
1,14,6,5,8,A,2,-57.8817951234978,97.16052254203811,148.6396318689403,5.062745671295943,-261.8110904279547,-126.9861765945279,-60.12214107664317,213.0161184997452,0,0,8.06589477338494,0.2120849043130875,-88.86426162719727,0.0,0.0,184.8787230893969,169.6166666666667,殺球,,177.2879150956869,568.8642616271973,93.42922246456146,309.0968246459961,0.0,,
1,14,7,8,5,B,2,11.01172991061713,52.14359527032263,149.9428633080009,26.48806647442825,-86.66032605560758,-170.1236296418074,-1.026887399853678,91.53003000264243,0,0,2.787512177240262,-84.07077753543854,-170.9031753540039,0.0,0.0,150.216835801673,170.5166666666667,擋小球,,93.42922246456146,309.0968246459961,261.279233455658,488.6121101379395,0.0,,
1,14,8,5,8,A,3,60.55279959732273,110.5704003515774,149.0379917569992,-52.47231541673614,-134.6119299978454,-127.875102201358,83.44702995888183,169.3030198349483,0,0,3.553695407239483,-83.77923345565796,-8.612110137939453,0.0,0.0,118.6063217929341,171.4,推球,,261.279233455658,488.6121101379395,197.9103960394859,223.1926879882812,0.0,B,掛網
1,15,1,9,5,B,1,22.5,180.0,100.0,0.0,0.0,0.0,42.5,180.0,0,0,3.192515048065501,-27.5,-160.0,0.0,0.0,135.8063550956438,173.1166666666667,發短球,,138.6954274498061,330.7847628448462,246.8616051151253,744.4749664663856,0.0,,
1,15,2,5,9,A,2,12.28787744753265,6.816396356680116,148.6296474229993,-52.43392767908972,-281.5784731512849,-28.44308412022656,37.56376627238393,142.551911468014,0,0,20.51868751205043,-69.36160511512526,-264.4749664663856,0.0,0.0,88.64291166730683,173.6,推球,,246.8616051151253,744.4749664663856,265.3819247826108,197.3939868302576,0.0,,
1,15,3,9,5,B,2,54.17481407798738,208.210898609044,147.5698206553116,-36.04754599848548,-133.5490538588147,-168.4871975618307,67.05627349368348,255.9341671319319,0,0,8.84645732235357,87.88192478261078,-282.6060131697424,0.0,0.0,188.0206712245842,175.1333333333333,長球,,265.3819247826108,197.3939868302576,264.9330489153157,666.7687290992728,0.0,,
1,15,4,5,9,A,2,-85.7184271143845,250.394244815333,149.8725761468314,5.720035755416575,-85.16416238023794,-245.9046890169247,-88.02341728176924,284.7126591225966,0,0,2.111392265306194,-87.43304891531568,-186.7687290992728,0.0,0.0,72.10458234282542,176.6666666666667,殺球,,264.9330489153157,666.7687290992728,259.7496666778652,351.6432278780787,0.0,,
1,15,5,9,5,B,2,87.1204330415531,102.1587554421479,149.8026552590441,-0.7377702519306695,-199.6786690835961,-169.7932983924488,87.46000631672081,194.0647918209186,0,0,7.296112522410748,82.24966667786515,-128.3567721219213,0.0,0.0,156.4624542687606,177.5666666666667,平球,,259.7496666778652,351.6432278780787,275.6781640052795,679.8805236816406,0.0,,
1,15,6,5,9,A,2,-83.27334413882426,79.34093345889539,148.1457718580309,-2.408762724144253,-115.3366461340966,-163.8425291093881,-82.2074280980467,130.3792445243105,0,0,7.420762233876905,-98.17816400527954,-199.8805236816406,0.0,0.0,12.19432824359866,178.4166666666667,挑球,,275.6781640052795,679.8805236816406,107.4710516929626,337.6941452026367,0.0,,
1,15,7,9,5,B,2,96.90355856741729,174.5930157232513,147.7734910497011,-3.26778404939887,-64.83113339299962,-220.4303591585699,98.12336720820127,198.7933837706934,0,0,2.11071506997476,-70.02894830703735,-142.3058547973633,0.0,0.0,152.7028432399208,180.1,切球,,107.4710516929626,337.6941452026367,104.1280685663223,775.2244567871094,0.0,,
1,15,8,5,9,A,2,43.04096155135758,90.91673111996647,149.5756047399452,-65.04461685409524,-123.8545835349214,-183.7394985031437,70.58396223429489,143.3626835118843,0,0,8.224160710742646,73.37193143367767,-295.2244567871094,0.0,0.0,196.7475267935152,181.1,放小球,,104.1280685663223,775.2244567871094,57.99518489837646,217.2261505126953,0.0,,
1,15,9,9,5,B,2,-67.74515997185405,141.3364682626932,146.9764532120172,11.4224947944308,-312.3966842736081,-48.53851299969847,-73.06702940381727,286.885614452642,0,0,8.344414702477218,-119.5048151016235,-262.7738494873047,0.0,0.0,129.0436995938823,181.9333333333333,推球,,57.99518489837646,217.2261505126953,195.7304396629333,597.4242172241211,0.0,,
1,15,10,5,9,A,2,112.2481068880279,185.9496212062208,147.6976765514619,-17.22459627146122,-182.3507680143166,-168.7902080087156,118.4032536997133,251.1120047341376,0,0,11.71375518649546,-18.23043966293335,-117.4242172241211,0.0,0.0,192.4899815799163,183.4166666666667,長球,,195.7304396629333,597.4242172241211,256.7674195766449,491.798511505127,0.0,,
1,15,11,9,5,B,3,9.6869423202902,97.40671286204656,149.8807549170822,-22.58799663877653,-52.92391430771204,-245.9258848830359,18.7891774078536,118.7333456521678,0,0,1.423378062469237,79.2674195766449,11.79851150512695,0.0,0.0,328.9310484322281,184.95,長球,,256.7674195766449,491.798511505127,153.0118342638016,563.0657806396484,0.0,A,落地得分
1,16,1,6,9,A,1,-62.5,160.0,100.0,0.0,0.0,0.0,-42.5,160.0,0,0,0.0,27.5,-180.0,0.0,0.0,56.08122344894316,187.0333333333333,發長球,,236.8031709727878,748.501701035393,213.6510512324931,290.9119665274198,0.0,,
1,16,2,9,6,B,2,59.45140078202709,248.6330359105027,149.838482301608,0.3996775382120177,-53.57261949257008,-258.5215485373737,59.31871899266483,266.4176505877971,0,0,123.2862023281243,36.15105123249313,-189.0880334725802,0.0,0.0,29.77285410830433,188.7833333333333,切球,,213.6510512324931,290.9119665274198,151.4730094935185,656.6940994881095,0.0,,
1,16,3,6,9,A,2,-39.91574014488555,118.2018760251498,149.8078218591307,-9.07340281685265,-170.8451018447477,-184.2995273452175,-35.73952796770661,196.8366957444917,0,0,7.759582359998823,26.02699050648147,-176.6940994881095,0.0,0.0,123.8313601308289,189.7833333333333,平球,,151.4730094935185,656.6940994881095,184.7232532972321,333.4397857625565,0.0,,
1,16,4,9,6,B,2,-12.2337882928731,114.2808321433286,148.0966644904479,32.45608780787279,-146.8615085843794,-163.7272739321816,-26.59612637896356,179.2693991766535,0,0,9.674986259111026,7.223253297232134,-146.5602142374435,0.0,0.0,57.80054077437778,190.6333333333333,擋小球,,184.7232532972321,333.4397857625565,99.36057685750157,771.6215691460413,0.0,,
1,16,5,6,9,A,2,-1.209816426437243,74.93859511471146,149.6274570207416,13.41692433612707,-159.7991074402216,-129.1902319050564,-7.063763485115345,144.6606485110845,0,0,7.587351058338117,78.13942314249843,-291.6215691460413,0.0,0.0,123.611170765768,191.5,殺球,,99.36057685750157,771.6215691460413,276.5997076034546,274.6836395263672,0.0,,
1,16,6,9,6,B,2,-63.38510492739643,223.1640638655683,147.2499775826899,35.37587845798384,-164.1380069895604,-174.6142084971325,-79.46316268916001,297.7634935429817,0,0,6.282954853023124,99.09970760345459,-205.3163604736328,0.0,0.0,110.2258155036183,192.4166666666667,挑球,,276.5997076034546,274.6836395263672,199.7276841402054,590.7600593566895,0.0,,
1,16,7,6,9,A,2,-85.05356727821055,166.9177215028648,147.8015774366734,36.01096065494858,-98.4449710148283,-220.5025500259694,-98.49585119333972,203.6655678896721,0,0,3.408449366724752,-22.22768414020538,-110.7600593566895,0.0,0.0,212.8645407914149,194.0833333333333,擋小球,,199.7276841402054,590.7600593566895,135.8544361591339,384.7489547729492,0.0,,
1,16,8,9,6,B,2,39.36926082409644,36.67478050445732,148.8103257648054,38.24554777992262,-165.2958840588781,-127.366922392298,22.68232078298138,108.7951361131844,0,0,4.173200134242819,-41.64556384086609,-95.25104522705078,0.0,0.0,177.1816156714729,194.9333333333333,放小球,,135.8544361591339,384.7489547729492,131.7200608253479,678.51025390625,0.0,,
1,16,9,6,9,A,2,5.526044040638737,4.308630319056533,148.0366606713763,-67.31727138514998,-169.4927080603748,31.90856373493034,40.22936464282483,91.68531191240618,0,0,3.836674893667573,45.7799391746521,-198.51025390625,0.0,0.0,112.8533712351122,195.6666666666667,挑球,,131.7200608253479,678.51025390625,273.7301306724548,460.1433525085449,0.0,,
1,16,10,9,6,B,2,-44.73865070986676,176.1072988986149,147.8765859842918,2.669616461901114,-57.43585904383508,-220.695019409618,-45.73517348445353,197.5471358296363,0,0,1.869579570873825,96.23013067245483,-19.85664749145508,0.0,0.0,154.2094384082836,197.6666666666667,長球,,273.7301306724548,460.1433525085449,202.2101622223854,760.3085250854492,0.0,,
1,16,11,6,9,A,2,-87.01690831030123,6.991319176918523,149.8365122648464,24.35867830058669,-34.01441768346558,-245.8091232597326,-96.83267107394295,20.69803390146512,0,0,1.034884547365091,-24.71016222238541,-280.3085250854492,0.0,0.0,108.6829925719817,199.2,切球,,202.2101622223854,760.3085250854492,214.7720783948898,291.217170715332,0.0,,
1,16,12,9,6,B,2,34.84488881040281,233.785189484666,149.8413451704451,24.42604381684532,-112.1274485331014,-184.3803197343163,23.74344453539015,284.7462305324286,0,0,4.541780787367457,37.27207839488983,-188.782829284668,0.0,0.0,178.32544024702,200.2,長球,,214.7720783948898,291.217170715332,123.1283779144287,701.1565780639648,0.0,,
1,16,13,6,9,A,2,-37.09525976252624,162.2607691911863,145.8808551584324,0.4772724275881046,-71.58888086848947,-248.5281579788534,-37.2841687353268,190.5963301094054,0,0,1.813541126540911,54.37162208557129,-221.1565780639648,0.0,0.0,100.7254065976264,201.75,殺球,,123.1283779144287,701.1565780639648,88.37928104400635,400.6304759979248,0.0,,
1,16,14,9,6,B,2,-36.72391561101423,146.9585459257885,149.0243468333627,41.64838362299861,-175.106499591493,-167.9561243719263,-55.89340365869842,227.5547578066391,0,0,6.576665049694755,-89.12071895599365,-79.3695240020752,0.0,0.0,168.3733887201086,202.65,推球,,88.37928104400635,400.6304759979248,267.137038230896,660.5303955078125,0.0,,
1,16,15,6,9,A,2,82.73140059280269,38.66591842213222,147.4641503429588,-15.16576030837768,-96.61455116599882,-168.2363329305758,88.7341529738739,76.90687800880727,0,0,3.926660036332564,-89.637038230896,-180.5303955078125,0.0,0.0,152.9392041505119,203.9833333333333,長球,,267.137038230896,660.5303955078125,225.2155532836914,189.7154693603516,0.0,,
1,16,16,9,6,B,2,78.35883404937348,166.104988874722,149.866087100954,-29.81823892241664,-38.13907024664331,-245.8871223780079,90.37462389180911,181.4738057275742,0,0,1.197520542594379,47.71555328369141,-290.2845306396484,0.0,0.0,253.2756304503539,205.5166666666667,平球,,225.2155532836914,189.7154693603516,170.3127335757017,598.7182350158691,0.0,,
1,16,17,6,9,A,2,-54.24271510280914,194.4732441062885,147.8962794367594,-15.35873066075055,-225.4486383066023,-163.2555636726352,-47.35316729485979,295.6039433911335,0,0,13.16659922455919,7.187266424298286,-118.7182350158691,0.0,0.0,116.0025176339029,206.3666666666667,擋小球,,170.3127335757017,598.7182350158691,232.7330974340439,289.3898010253906,0.0,,
1,16,18,9,6,B,2,8.121622576015284,31.1897601283307,149.590600190572,34.15655182209321,-195.2898664524128,-129.108224305412,-6.781244956365697,116.3968098713658,0,0,9.380251588083926,55.23309743404388,-190.6101989746094,0.0,0.0,105.2890291796863,207.2333333333333,推球,,232.7330974340439,289.3898010253906,219.2533888816833,791.762451171875,0.0,,
1,16,19,6,9,A,2,-46.73546679122626,149.2200140516803,147.9404062786996,20.17007662828973,-98.24423261534321,-169.3668407548898,-54.7189752368119,188.1060170784003,0,0,4.026863623886695,-41.75338888168335,-311.762451171875,0.0,0.0,201.3041094527202,208.6,切球,,219.2533888816833,791.762451171875,229.4001338481903,390.8019466400146,0.0,,
1,16,20,9,6,B,2,42.61227485005941,236.9978977056606,149.7384750941991,2.070029086951308,-180.1924889412021,-184.1321458471157,41.65950323226167,319.9350362580764,0,0,8.173124341790473,51.90013384819031,-89.19805335998535,0.0,0.0,98.94812354813787,209.6,殺球,,229.4001338481903,390.8019466400146,365.6519198417664,648.6482009887695,0.0,,
1,16,21,6,9,A,2,-50.10170172055376,25.6943172767933,149.9732058530629,4.244279035674481,-149.8680832099808,-170.195415575165,-52.03069306916188,93.80817913809943,0,0,4.611974132647827,-188.1519198417664,-168.6482009887695,0.0,0.0,210.5890183506593,210.5,擋小球,,365.6519198417664,648.6482009887695,7.368781566619873,415.6375198364258,0.0,,
1,16,22,9,6,B,2,152.8188453695467,113.4991837184207,149.0433702954034,-78.83363504902263,-123.0461137538441,-127.8868881504991,188.1519198417664,168.6482009887695,0,0,0.0,-161.6902217074453,-65.4812635182721,4.857293517650161,-0.6437935368142654,215.589989474193,211.3833333333333,平球,,7.368781566619873,415.6375198364258,152.1461850404739,462.1927833557129,0.0,,
1,16,23,6,9,A,3,102.1542609649297,26.64985573761987,148.1313030803515,-159.9530743260402,-88.73963240603189,-163.8084653251326,166.5475152250955,64.83746998145784,0,0,0.0,14.81873542207381,8.606889277057917,-4.059413105276813,-3.545101805316518,269.474403094949,212.2333333333333,擋小球,,152.1461850404739,462.1927833557129,201.4392318725586,338.2714424133301,0.0,B,落地得分
1,17,1,10,6,B,1,-47.5,180.0,100.0,0.0,0.0,0.0,-27.5,180.0,0,0,0.0,42.5,-160.0,0.0,0.0,205.4201552257177,213.8166666666667,發短球,,208.688374437991,295.4576017345238,118.7796826175355,758.4261975060269,0.0,,
1,17,2,6,10,A,2,0.6565302819855674,37.01338877622857,147.4366310468155,64.17255736835159,-297.2944622752038,-43.07081882643615,-29.94091076170915,178.7632294422694,0,0,22.57851858733432,58.72031738246446,-278.4261975060269,0.0,0.0,103.2590169087292,214.3333333333333,推球,,118.7796826175355,758.4261975060269,230.8984582445076,347.0255312585076,0.0,,
1,17,3,10,6,B,2,-46.62930488416777,215.385324361039,147.5699965300405,28.6993513265088,-149.6344633301305,-168.4871773966279,-56.88491366764566,268.8566554373183,0,0,9.743964398598425,53.39845824450757,-132.9744687414924,0.0,0.0,51.44771268405191,215.8333333333333,切球,,230.8984582445076,347.0255312585076,114.6822731598427,761.0822980141791,0.0,,
1,17,4,6,10,A,2,-37.15579339176378,76.27499755705782,149.6807437898748,39.14701064644532,-136.6533645938262,-183.9936040462931,-55.17397530915258,139.1723974408158,0,0,6.447230491361569,62.81772684015732,-281.0822980141791,0.0,0.0,13.58913568101665,216.8333333333333,推球,,114.6822731598427,761.0822980141791,236.4930107074075,320.6260818250789,0.0,,
1,17,5,10,6,B,3,-46.31338753311843,222.2027862819789,147.5721639381206,39.17485655449582,-139.7569683467736,-168.4921016337171,-60.31237999840947,272.1444304620372,0,0,9.282361724102614,58.99301070740751,-159.3739181749211,0.0,0.0,20.55934024582526,218.15,發長球,,236.4930107074075,320.6260818250789,175.0087422020733,530.8144016265869,0.0,A,落地得分
1,18,1,7,10,A,1,7.5,160.0,100.0,0.0,0.0,0.0,27.5,160.0,0,0,0.0,-42.5,-180.0,0.0,0.0,0.0,218.8,發長球,,241.7862107238363,752.6242462758311,119.8304219555254,273.7246105325796,0.0,,
1,18,2,10,7,B,2,60.95764737636227,252.564443775291,149.8382936347074,-8.974936365575559,-54.08803503428317,-258.5215732710822,64.09069747983261,271.4459730535625,0,0,93.96128539676683,-57.66957804447456,-206.2753894674204,0.0,0.0,55.24142566718454,220.55,殺球,,119.8304219555254,273.7246105325796,77.76907708901804,467.8616280970852,0.0,,
1,18,3,7,10,A,3,34.75497337571829,117.5821201596009,149.7561234140197,-54.07819214070742,-209.3150516259357,-169.6829743661965,59.64552536592596,213.9234912109564,0,0,7.899229588803578,99.17119158747703,11.16944582130992,-3.080413001269996,-5.332366393865484,326.3830868896933,221.45,擋小球,,77.76907708901804,467.8616280970852,177.5,315.0,0.0,B,落地得分
1,19,1,11,7,B,1,22.5,180.0,100.0,0.0,0.0,0.0,42.5,180.0,0,0,0.0,-27.5,-160.0,0.0,0.0,77.14335155051171,223.05,發短球,,225.6107032174565,300.1982448059958,278.9636646456248,783.5070823151141,0.0,,
1,19,2,7,11,A,2,-37.03304134682767,24.17298738331726,148.6297278353827,21.90488454175465,-307.7391447823175,-28.44296291868886,-47.47727858499698,170.9028470848856,0,0,79.71763065395858,-101.4636646456248,-303.5070823151141,0.0,0.0,136.8601955662576,223.5333333333333,推球,,278.9636646456248,783.5070823151141,266.7724567669608,194.88021250254,0.0,,
1,19,3,11,7,B,2,92.90058283179229,237.298060576775,147.5699981217683,-20.32541866697102,-157.1544118837664,-168.4871748224737,100.1637972452904,293.4566179102693,0,0,10.13417436259627,89.27245676696083,-285.11978749746,0.0,0.0,121.6237904214128,225.0666666666667,長球,,266.7724567669608,194.88021250254,141.7818523788812,670.293620144051,0.0,,
1,19,4,7,11,A,2,-89.53137773214843,250.8179016067984,149.8728278444574,-0.6845561478030504,-90.69009471545542,-245.9046753662619,-89.25552365422021,287.3630886553278,0,0,2.243365065074799,35.71814762111879,-190.293620144051,0.0,0.0,170.6062925240167,226.6,殺球,,141.7818523788812,670.293620144051,94.66362418146433,365.0985175965185,0.0,,
1,19,5,11,7,B,2,-11.55663734852536,104.9042765016678,149.8028410460966,57.02088328320087,-201.5178580529664,-169.793335701911,-37.80162083827645,197.6568357916829,0,0,7.652307189347781,-82.83637581853567,-114.9014824034815,0.0,0.0,243.6362606327476,227.5,平球,,94.66362418146433,365.0985175965185,294.5680677890778,841.8587799072266,0.0,,
1,19,6,7,11,A,2,68.08986651875938,68.12456092557113,148.1456671904728,-34.69927310405296,-110.0684331680668,-163.8427100147055,83.44484998490277,116.8316034730096,0,0,7.423790464054993,-117.0680677890778,-361.8587799072266,0.0,0.0,225.7141973976333,228.35,推球,,294.5680677890778,841.8587799072266,161.067376434803,403.0549697875977,0.0,,
1,19,7,11,7,B,2,87.77588352042375,292.7464155784107,147.4830983772901,-69.52825978203236,-164.0458894121366,-168.2812177162418,117.0680677890778,361.8587799072266,0,0,0.0,-16.43262356519699,-76.94503021240234,0.0,0.0,77.98446778814173,229.6833333333333,推球,,161.067376434803,403.0549697875977,92.17642307281494,713.2351989746094,0.0,,
1,19,8,7,11,A,2,-1.783399459617129,15.23394324865211,147.7934824479263,-43.23774498658395,-146.4780889517669,-169.0177385214042,13.66745140524444,67.57735542410614,0,0,9.767267172216478,85.32357692718506,-233.2351989746094,0.0,0.0,239.8049278536282,231.0,擋小球,,92.17642307281494,713.2351989746094,149.3635679483414,370.0256042480469,0.0,,
1,19,9,11,7,B,2,-64.28536833068614,164.805235938182,149.3845372504437,46.93953878501134,-152.6779663424804,-128.6479786926975,-84.76558929057349,231.4202595907273,0,0,3.928909523428665,-28.13643205165863,-109.9743957519531,0.0,0.0,44.79799582020818,231.8666666666667,殺球,,149.3635679483414,370.0256042480469,78.62920236587524,487.275182723999,0.0,,
1,19,10,7,11,A,2,34.98271501109207,58.55703252250146,147.2067105102498,16.41506874648258,-123.2814298180074,-174.51011474094,27.61931998857881,113.8580416566364,0,0,3.917921693799614,98.87079763412476,-7.275182723999023,0.0,0.0,224.5884511412063,232.7833333333333,擋小球,,78.62920236587524,487.275182723999,115.178365945816,241.9682083129883,0.0,,
1,19,11,11,7,B,2,-93.45041846931863,0.6273329883100018,77.39846389417279,21.33406338330701,-26.16526322469781,-221.5456032632801,-98.42171818629932,6.724407105216926,0,0,1.470473552698094,-62.32163405418396,-238.0317916870117,0.0,0.0,128.9316516535569,234.05,擋小球,,115.178365945816,241.9682083129883,58.4311180114746,609.0544586181641,0.0,,
1,19,12,7,11,A,2,81.8098602396449,90.01986334020307,137.7522689468527,34.33267443924137,-260.7546372200886,118.6644829547845,62.53621738632567,236.4020439367997,0,0,3.401377243023409,113.9653633649412,-98.81719687604323,-0.9143320693318714,5.417222927695676,93.39532554262638,234.35,擋小球,,58.4311180114746,609.0544586181641,262.7973160743713,262.4912414550781,0.0,,
1,19,13,11,7,B,2,-106.0650316751097,46.71544276271334,149.268629579306,29.01361505166733,-183.7111664758595,-128.3890672968369,-118.7239810913204,126.8705823231387,0,0,4.574801163171988,85.29731607437134,-217.5087585449219,0.0,0.0,149.0359347552595,235.65,放小球,,262.7973160743713,262.4912414550781,143.0343413352966,588.1858253479004,0.0,,
1,19,14,7,11,A,2,-3.595968984574142,88.48307116604548,148.384066565682,161.1767410400944,-254.5360700031551,-25.78961240317312,-81.29156738787992,211.1827370513775,0,0,7.487627827029942,34.46565866470337,-108.1858253479004,0.0,0.0,86.30518548367462,236.5,挑球,,143.0343413352966,588.1858253479004,87.19415020942688,224.263168334961,0.0,,
1,19,15,11,7,B,2,-26.59572092303623,84.52222383674848,147.878525637647,20.17663704151573,-60.66781141726096,-220.69949735112,-34.1273190429165,107.1684940489488,0,0,2.07890486717436,-90.30584979057312,-255.736831665039,0.0,0.0,177.2871707968719,238.3833333333333,切球,,87.19415020942688,224.263168334961,140.2148107886314,847.6964569091797,0.0,,
1,19,16,7,11,A,2,80.06286670888886,200.5833998843551,149.5916887289687,-24.68696190589981,-132.927161794214,-183.7787662287838,90.51650671048839,256.8711156884552,0,0,7.948169597412035,37.28518921136856,-367.6964569091797,0.0,0.0,260.5471004945227,239.3833333333333,放小球,,140.2148107886314,847.6964569091797,206.3447403907776,247.2124404907227,0.0,,
1,19,17,11,7,B,2,-49.38818375010993,218.2479495663993,131.5921535589793,-28.11416765922559,-347.1554397867749,-116.3911293090791,-37.28518921136856,367.6964569091797,0,0,0.0,28.84474039077759,-232.7875595092773,0.0,0.0,121.766682585201,240.4,挑球,,206.3447403907776,247.2124404907227,191.3354805111885,640.4314231872559,0.0,,
1,19,18,7,11,A,2,-22.94734951293032,189.0246452234168,147.6294026152092,15.11951813313317,-112.1977820048414,-220.0616332802952,-28.59121048503405,230.9061838698173,0,0,3.68113515331404,-13.83548051118851,-160.4314231872559,0.0,0.0,213.4762681813449,242.0666666666667,長球,,191.3354805111885,640.4314231872559,195.5963220000267,369.4352035522461,0.0,,
1,19,19,11,7,B,2,14.44708545522496,137.4785818093465,149.8211014776916,1.617011264158918,-60.68460272217635,-245.7682160439845,13.79548199961602,161.9325220590486,0,0,1.501631680481371,18.0963220000267,-110.5647964477539,0.0,0.0,120.7981465544067,243.6,長球,,195.5963220000267,369.4352035522461,147.2296452522278,610.9335098266602,0.0,,
1,19,20,7,11,A,2,-17.85615489588815,94.29329878710575,149.9366762068427,0.634973352759971,-43.01991091324453,-246.0736637058858,-18.11202870461486,111.6289372170703,0,0,1.064256678386521,30.27035474777222,-130.9335098266602,0.0,0.0,53.87705195750073,245.1333333333333,放小球,,147.2296452522278,610.9335098266602,69.0043923854828,507.2309608459473,0.0,,
1,19,21,11,7,B,3,-4.764617548199254,7.368604771301591,147.9482585192776,47.19760281545859,-228.653156154337,39.98198391855112,-29.30078844238244,126.2363561026592,0,0,4.796176803188438,-54.65175644000826,-31.82354726102346,3.307444779301046,-3.627517725274846,107.9975402248103,245.7333333333333,長球,,69.0043923854828,507.2309608459473,108.6432255506516,821.1028137207031,0.0,A,落地得分
1,20,1,8,11,A,1,-62.5,160.0,100.0,0.0,0.0,0.0,-42.5,160.0,0,0,0.0,27.5,-180.0,0.0,0.0,218.4771627386042,247.8666666666667,發短球,,120.6931694449139,596.0172094287101,107.9185336088302,188.1571756875395,0.0,,
1,20,2,11,8,B,2,-8.523789219687899,4.314046498953303,147.4365604110575,97.29804849342827,-225.0997340468075,-43.07091559240916,-53.85604976214536,109.1905568698082,0,0,76.32124766129255,-54.27272361120711,-273.8349595889637,3.225757453706895,3.794498652965466,149.410033330269,248.3833333333333,挑球,,107.9185336088302,188.1571756875395,271.9058919338727,764.9785763224237,0.0,,
1,20,3,8,11,A,2,67.2848617666515,261.1691378619296,147.8203944544672,-5.887952903833593,-78.64010168759705,-220.5513753841615,69.48273522443803,290.5241607432528,0,0,2.564170141647747,-94.40589193387274,-284.9785763224237,0.0,0.0,229.9631082120504,250.2333333333333,長球,,271.9058919338727,764.9785763224237,310.4473112035226,239.9107935156903,0.0,,
1,20,4,11,8,B,2,83.83531017234645,249.2107786673184,149.8330713916855,-27.94736795522113,-94.56582660732238,-245.7998113553117,95.0971992752302,287.3177608309963,0,0,2.43919863999655,132.9473112035226,-240.0892064843097,0.0,0.0,208.6183316679716,251.7666666666667,殺球,,310.4473112035226,239.9107935156903,177.5,645.0,0.0,,
